Name,"Postal Code",Circulation
"New Aimee College",05970,19807
"Delaware University",16931-3391,22774
"University of Deanna Freeway",82599-8970,13168
"Cole Circle College",03872,10705
"Nebraska College",11503-1698,45324
"College of New Jersey",22711-7587,33231
"Tennessee College",02452-4671,4228
"College of Fritsch Rapids",56902-0024,34851
"University of Ernestine Forge",80816,40472
"College of Lake Karianeland",12584,42645
"West Vitochester University",35591,43672
"University of Ayla Burg",17224-8181,57724
"Hellen Station College",61139-9299,35521
"Nebraska College",16688-3559,22527
"University of South Santosbury",28509-3103,40805
"Marquise Prairie University",80444-2651,49858
"College of Donnelly Lock",28252,59940
"University of New Hampshire",53468,5449
"Mrazfort University",43862-1111,31439
"University of North Dakota",49484,34354
"University of Smithamport",97642-2350,19624
"Alaska University",19517-8611,8176
"South Ashley University",65474-9775,30658
"West Virginia University",69818-5292,18018
"University of New Annalisehaven",80632,23165
"College of Missouri",17868-9948,28193
"Ashly Terrace College",02345,51140
"Lake Keyon College",24454,59633
"Ward Heights College",73372,35000
"Gisselle Rue University",64331-0615,25004
"Corene Creek University",27175,28719
"University of Huelberg",20407,20026
"Judge Junctions College",36277,30862
"Michigan College",57066,29348
"New Vincenzo University",21169-0838,35950
"Arkansas College",94735-3492,14320
"West Destin College",59209-3632,20473
"University of Lue Cliff",20198-2031,3381
"Bernieton College",12162-7479,54074
"College of Kentucky",02961,3582
"North Carolina College",78218,54301
"College of North Daveshire",35071,36390
"University of Beatty Throughway",94339-1025,3011
"University of Adonis Ferry",45138,54439
"Annabelstad University",48760,30943
"University of Lake Bufordside",38766-8562,2739
"West Virginia College",86572,30895
"Schimmel Green University",00552,27971
"South Dakota College",18954,46974
"Josephberg University",73643,20507
"University of Tillmanfurt",79289-0907,38107
"Vandervort Shoal University",10603,36155
"University of Karley Burgs",37421,55395
"Aureliaton University",83065-3170,41976
"University of Texas",86777,25982
"South Gerald College",38487,35333
"College of Alabama",67473-5653,38813
"West Brisa College",27565,50374
"University of Baumbach Harbor",32565,56754
"College of Maryland",88778,43324
"District of Columbia University",96419-4439,17910
"University of Wolffmouth",75257-3286,4504
"East Mohammed University",04695,43535
"College of South Esperanza",40990-3034,19402
"West Juanita College",80753-2588,9596
"Ohio University",18703-7927,35983
"Oklahoma University",74283,23140
"College of Cassin Locks",67935-8840,17053
"University of Kentucky",81613-0801,54882
"New Yadira College",33320-9319,6436
"University of Arne Courts",06912-2119,51005
"University of Stantonville",54842,20793
"Krisshire College",92737,36249
"College of New Shadshire",83139-3615,18273
"University of Anderson Center",36196-9569,37178
"Lind Prairie University",57685-4118,53939
"College of Boehm Expressway",92232-0822,10101
"College of Ansleyshire",90557-7855,17953
"College of Davischester",89818-1027,34679
"University of Nolan Rest",19301-7906,46272
"College of South Carolina",92385-5758,15628
"College of West Camden",99112-4538,53756
"Port Viviane College",06192,46242
"Ellis Rapids University",89031,58748
"Karellehaven College",40557,9992
"University of Morissettehaven",08883-3991,59886
"Reinhold Highway University",63997-8622,50195
"New Eliview College",76924,20292
"Michigan College",21062-4964,28858
"New Jersey College",89409,48851
"Washington College",74456-7108,14173
"Estella Plains University",72863,57815
"Arizona College",61260-4647,46059
"East Erin College",98961,33615
"West Joeybury University",79245-3190,11365
"College of South Dakota",71943-0588,47832
"Hill Lock University",08884,53309
"Tomasatown College",95893-4833,34164
"Neomachester University",07403-4857,43205
"Oklahoma University",58471,33815
"New Hampshire College",09831,2720
"South Greyson University",19702,29517
"College of Corwinview",94910,12716
"Maxime Road University",29996,53595
"College of New Madisonton",37668-4153,51185
"Fadel Causeway University",66768,59402
"Schroederton University",74458,21767
"Jonesfurt College",10355-2213,12568
"Florida University",83006-2665,37202
"North Ebba College",04869-6941,30608
"Hazel Mountains College",05924-8871,23761
"East Eliezermouth College",28717-4525,32923
"Schiller Bridge University",13102-9055,43605
"Oberbrunnerhaven University",75839-9710,32090
"University of Massachusetts",46511-3673,23081
"College of Wyoming",66068,48232
"Lake Marshallview College",62168,18023
"College of Gislason Plaza",23713,37708
"Alaska University",24090-8973,23307
"California College",25382-0191,18668
